-734,1,1129001294
-732,1,1129001294
-730,1,1129001294
-702,1,1129001294
-700,1,1129001294
-698,1,1129001294
-696,1,1129001294
-694,1,1129001294
-692,1,1129001294
-676,1,1129001294
-672,1,1129001294
-671,1,1129001294
-668,1,1129001294
-665,1,1129001294
-663,1,1129001294
-661,1,1129001294
-659,1,1129001294
-658,1,1129001294
-657,1,1129001294
-655,1,1129001294
-652,2,1129001294
-729,2,1129001372
1129000611,2,32
-643,2,1129001294
-721,2,1129001372
1129000619,2,32
-638,3,1129001294
-716,3,1129001372
-716,3,1129001372
1129000607,3,49
130277096,3,998723560
-626,3,1129001294
-704,3,1129001372
-704,3,1129001372
1129000523,3,145
130531020,3,998469648
-688,5,1129001370
-612,5,1129001294
-690,5,1129001372
-690,5,1129001372
-705,5,1129001387
1129000645,5,37
-1756682726,5,-1409283888
1129000629,5,53
1128850682,5,150000
-682,6,1129001370
-606,6,1129001294
-735,6,1129001423
-684,6,1129001372
-684,6,1129001372
-699,6,1129001387
1129000624,6,64
1129000415,6,273
130271168,6,998729520
130531040,6,998469648
-806764163,6,1935764851
-740873233,6,1869873921
-571165303,6,1700165991
1126051458,6,2949230
-572014722,6,1701015410
350669552,6,778331136
-724221119,6,1853221807
-671,6,1129001370
-595,6,1129001294
-724,6,1129001423
-673,6,1129001372
-673,6,1129001372
-687,6,1129001387
1129000636,6,64
1129000427,6,273
130271180,6,998729520
130531052,6,998469648
-806764151,6,1935764851
-740873221,6,1869873921
-571165291,6,1700165991
1126051470,6,2949230
-572014710,6,1701015410
350669564,6,778331136
-724221107,6,1853221807
-664,7,1129001370
-588,7,1129001294
-724,7,1129001430
-716,7,1129001423
-665,7,1129001372
-665,7,1129001372
-680,7,1129001387
1129000434,7,273
130271187,7,998729520
130531059,7,998469648
-806764144,7,1935764851
-740873214,7,1869873921
-571165284,7,1700165991
1126051477,7,2949230
-572014703,7,1701015410
350669571,7,778331136
-724221099,7,1853221807
-573128561,7,1702129269
1129000708,7,0
13815191,7,1115185517
-538590046,7,1667590754
1129000607,7,101
-570575197,7,1699575905
-924722273,7,2053722981
-653,7,1129001370
-577,7,1129001294
-713,7,1129001430
-706,7,1129001423
-655,7,1129001372
-654,7,1129001372
-669,7,1129001387
1129000445,7,273
130271198,7,998729520
130531070,7,998469648
-806764133,7,1935764851
-740873203,7,1869873921
-571165273,7,1700165991
1126051488,7,2949230
-572014692,7,1701015410
350669582,7,778331136
-724221089,7,1853221807
-573128551,7,1702129269
1129000718,7,0
13815201,7,1115185517
-538590036,7,1667590754
1129000617,7,101
-570575187,7,1699575905
-924722263,7,2053722981
-646,7,1129001370
-570,7,1129001294
-706,7,1129001430
-698,7,1129001423
-647,7,1129001372
-647,7,1129001372
-662,7,1129001387
1129000452,7,273
130271205,7,998729520
130531077,7,998469648
-806764126,7,1935764851
-740873196,7,1869873921
-571165266,7,1700165991
1126051495,7,2949230
-572014685,7,1701015410
350669589,7,778331136
-724221082,7,1853221807
-573128544,7,1702129269
1129000725,7,0
13815208,7,1115185517
-538590029,7,1667590754
1129000624,7,101
-570575180,7,1699575905
-924722256,7,2053722981
-634,7,1129001370
-729,7,1129001465
-693,7,1129001430
-686,7,1129001423
-635,7,1129001372
-635,7,1129001372
-650,7,1129001387
1129000464,7,273
130271217,7,998729520
130531089,7,998469648
-806764114,7,1935764851
-740873184,7,1869873921
-571165254,7,1700165991
1126051507,7,2949230
-572014673,7,1701015410
350669602,7,778331136
-724221069,7,1853221807
-573128531,7,1702129269
1129000738,7,0
13815221,7,1115185517
-538590016,7,1667590754
1129000637,7,101
-570575167,7,1699575905
-924722243,7,2053722981
-647,9,1129001446
-571,9,1129001370
-665,9,1129001465
-630,9,1129001430
-623,9,1129001423
-572,9,1129001372
-572,9,1129001372
-587,9,1129001387
-627,9,1129001427
1129000767,9,33
-2038344848,9,-1127621648
130236560,9,998764240
1129000768,9,32
1129000752,9,48
1128850800,9,150000
130233528,9,998767272
1129000795,9,5
269606417,9,859394383
1129000712,9,88
1129000719,9,81
130250160,9,998750640
130277232,9,998723568
1129000768,9,32
1129000752,9,48
130236304,9,998764496
-1890901264,9,-1275065232
1129000795,9,5
270064390,9,858936410
1129000720,9,80
1129000496,9,304
130270608,9,998730192
130531152,9,998469648
1129000799,9,1
-608,10,1129001437
-617,10,1129001446
-541,10,1129001370
-636,10,1129001465
-601,10,1129001430
-594,10,1129001423
-719,10,1129001548
-542,10,1129001372
-557,10,1129001387
-597,10,1129001427
1129000734,10,96
1129000541,10,289
130215454,10,998785376
130531182,10,998469648
1129000827,10,3
1129000825,10,5
-599,10,1129001437
-608,10,1129001446
-731,10,1129001569
-626,10,1129001465
-591,10,1129001430
-750,10,1129001589
-709,10,1129001548
-717,10,1129001556
-735,10,1129001574
-588,10,1129001427
1129000743,10,96
1129000790,10,49
1128850910,10,149929
130234656,10,998766184
1129000835,10,5
286779447,10,842221393
1129000791,10,49
1129000840,10,0
130234608,10,998766232
1129000835,10,5
219668551,10,909332289
1129000791,10,49
1128850909,10,149931
130234560,10,998766280
1129000835,10,5
320265530,10,808735310
1129000792,10,48
1129000807,10,33
130227032,10,998773808
130531192,10,998469648
1129000791,10,49
1129000746,10,94
130234480,10,998766360
1129000835,10,5
252959025,10,876041815
1129066276,10,-65436
1129000503,10,337
130531192,10,998469648
-555106282,10,1684107122
-584,10,1129001437
-593,10,1129001446
-716,10,1129001569
-611,10,1129001465
-576,10,1129001430
-735,10,1129001589
-694,10,1129001548
-702,10,1129001556
-720,10,1129001574
-573,10,1129001427
1129000758,10,96
1129000805,10,49
1128850925,10,149929
130234670,10,998766184
1129000849,10,5
286779461,10,842221393
1129000805,10,49
1129000854,10,0
130234622,10,998766232
1129000849,10,5
303688512,10,825312342
1129000805,10,49
1128850924,10,149931
130234575,10,998766280
1129000850,10,5
320265545,10,808735310
1129000807,10,48
1129000822,10,33
130210791,10,998790064
130531207,10,998469648
1129000806,10,49
1129000761,10,94
130234495,10,998766360
1129000850,10,5
252959040,10,876041815
1129066291,10,-65436
1129000518,10,337
130531207,10,998469648
-555106267,10,1684107122
-569,10,1129001437
-578,10,1129001446
-700,10,1129001569
-596,10,1129001465
-561,10,1129001430
-720,10,1129001589
-679,10,1129001548
-686,10,1129001556
-704,10,1129001574
-557,10,1129001427
1129000774,10,96
1129000741,10,129
-1756680522,10,-1409285904
-1756680522,10,-1409285904
130209822,10,998791048
-1756693290,10,-1409273136
130209822,10,998791048
186046296,10,942954574
1129000821,10,49
-1756694090,10,-1409272336
-1756685514,10,-1409280912
1129000865,10,5
320134753,10,808866117
1129000742,10,128
1129000658,10,212
130235494,10,998765376
130531222,10,998469648
-554,10,1129001437
-563,10,1129001446
-686,10,1129001569
-581,10,1129001465
-722,10,1129001606
-705,10,1129001589
-664,10,1129001548
-672,10,1129001556
-690,10,1129001574
-542,10,1129001427
-1756690003,10,-1409276408
1129000436,10,449
-1756680827,10,-1409285584
-1756680827,10,-1409285584
1129000773,10,112
1129000785,10,100
-1756685243,10,-1409281168
-1756692251,10,-1409274160
-1027471339,10,-2138495072
1129000885,10,0
-1027472027,10,-2138494384
130200677,10,998800208
154734704,10,974266181
-1756689379,10,-1409277032
1129000804,10,81
-1756680459,10,-1409285952
-1756687211,10,-1409279200
1129000880,10,5
320265575,10,808735310
-534,10,1129001437
-543,10,1129001446
-666,10,1129001569
-726,10,1129001629
-703,10,1129001606
-685,10,1129001589
-644,10,1129001548
-652,10,1129001556
-670,10,1129001574
-735,10,1129001639
-1756689720,10,-1409276672
1129000867,10,37
-1756686216,10,-1409280176
1129000803,10,101
1129000904,10,0
-1756689872,10,-1409276520
1129000899,10,5
252831861,10,876169043
-1980955960,10,-1185010432
1129000904,10,0
-1756689912,10,-1409276480
1129000899,10,5
219407994,10,909592910
-1972563256,10,-1193403136
1129000851,10,53
1129000826,10,78
-1756689968,10,-1409276424
1129000899,10,5
219341687,10,909659217
1129000856,10,48
1129000803,10,101
1128850973,10,149931
-1756690016,10,-1409276376
1129000899,10,5
270067824,10,858933080
1129066340,10,-65436
1128850904,10,150000
-1756690056,10,-1409276336
1129000899,10,5
169534854,10,959466051
-644,10,1129001651
-639,10,1129001646
-562,10,1129001569
-621,10,1129001629
-598,10,1129001606
-581,10,1129001589
-540,10,1129001548
-548,10,1129001556
-565,10,1129001574
-630,10,1129001639
1129000912,10,97
1128851078,10,149931
130188313,10,998812696
1129001004,10,5
303688667,10,825312342
130188289,10,998812720
1128851009,10,150000
130188273,10,998812736
1129001004,10,5
286971868,10,842029141
154741771,10,974259238
1129000912,10,97
1129000921,10,88
130188217,10,998812792
1129001004,10,5
236446168,10,892554841
130188193,10,998812816
130188177,10,998812832
1129001004,10,5
169534189,10,959466820
154741771,10,974259238
1129000912,10,97
1129001009,10,0
130188121,10,998812888
1129001004,10,5
270067929,10,858933080
-1997743791,10,-1168222496
130188081,10,998812928
-625,10,1129001651
-620,10,1129001646
-697,10,1129001723
-602,10,1129001629
-746,10,1129001773
-704,10,1129001731
-667,10,1129001695
-703,10,1129001731
-698,10,1129001726
-611,10,1129001639
1129000932,10,96
1129000927,10,101
1129001028,10,0
-1689575204,10,-1476391064
1129001023,10,5
320134911,10,808866117
1129000890,10,138
-1689575244,10,-1476391024
1129001023,10,5
202760943,10,926240085
1129001028,10,0
-1027471884,10,-2138494384
1129000975,10,53
-1689574860,10,-1476391408
130531380,10,998469648
-1972563131,10,-1193403136
1129000976,10,53
130184053,10,998816976
130531381,10,998469648
1129000932,10,97
-1689586619,10,-1476379648
-1689586267,10,-1476380000
1129001024,10,5
320396528,10,808604501
1129000277,10,752
-1689575435,10,-1476390832
-611,10,1129001651
-605,10,1129001646
-682,10,1129001723
-743,10,1129001785
-731,10,1129001773
-689,10,1129001731
-653,10,1129001695
-688,10,1129001731
-683,10,1129001726
-742,10,1129001785
1129000882,10,161
130229747,10,998771296
130229707,10,998771336
130229707,10,998771336
130229795,10,998771248
130229755,10,998771288
130229755,10,998771288
130277379,10,998723664
130277339,10,998723704
130277339,10,998723704
130229443,10,998771600
130229363,10,998771680
130229363,10,998771680
130219187,10,998781856
130219107,10,998781936
130219107,10,998781936
130207235,10,998793808
130207156,10,998793888
130207156,10,998793888
1129000884,10,160
1129000947,10,97
130531396,10,998469648
1129001039,10,5
269740293,10,859260751
130188612,10,998812432
130188596,10,998812448
1129001039,10,5
270133003,10,858868041
154741806,10,974259238
-589,10,1129001651
-743,10,1129001805
-660,10,1129001723
-721,10,1129001785
-709,10,1129001773
-667,10,1129001731
-630,10,1129001695
-666,10,1129001731
-661,10,1129001726
-719,10,1129001785
1129000885,10,181
-1555360390,10,-1610605840
130531418,10,998469648
1129001061,10,5
270067986,10,858933080
1129001018,10,48
-1555359526,10,-1610606704
1129001061,10,5
169535015,10,959466051
-1555353638,10,-1610612592
1129001066,10,0
-1555359566,10,-1610606664
1129001061,10,5
236053524,10,892947542
-1555358726,10,-1610607504
-1555359254,10,-1610606976
269740138,10,859260928
1129001018,10,48
1129001014,10,52
1129001033,10,33
-1555356886,10,-1610609344
-1555357862,10,-1610608368
1129001034,10,32
1129000854,10,212
1129001066,10,0
-1555359694,10,-1610606536
1129001061,10,5
286515235,10,842485831
-724,10,1129001805
-723,10,1129001805
-641,10,1129001723
-702,10,1129001785
-690,10,1129001773
-648,10,1129001731
-748,10,1129001832
-647,10,1129001731
-641,10,1129001726
-700,10,1129001785
1129000984,10,101
-1555355731,10,-1610610480
1129001080,10,5
168947252,10,960053833
1129001037,10,48
-1555361603,10,-1610604608
1129001080,10,5
219341868,10,909659217
1129001020,10,65
-1555357139,10,-1610609072
1129001032,10,53
-1555359763,10,-1610606448
-1555361659,10,-1610604552
1129001080,10,5
202763322,10,926237763
1129001037,10,48
1129001032,10,53
1129001085,10,0
-1555361707,10,-1610604504
1129001080,10,5
252959270,10,876041815
-1865714819,10,-1300251392
1129001032,10,53
1129001085,10,0
-1555361755,10,-1610604456
1129001080,10,5
202960677,10,926040408
1129066521,10,-65436
1129000748,10,337
-1555353923,10,-1610612288
-700,10,1129001805
-700,10,1129001805
-618,10,1129001723
-679,10,1129001785
-667,10,1129001773
-625,10,1129001731
-725,10,1129001832
-624,10,1129001731
-618,10,1129001726
-677,10,1129001785
1129000963,10,145
130290548,10,998710560
130531460,10,998469648
1129000964,10,144
1129001011,10,97
130179316,10,998821792
130531460,10,998469648
1129001103,10,5
169534288,10,959466820
130185524,10,998815584
130185508,10,998815600
1129001103,10,5
303426122,10,825574986
154741870,10,974259238
1129001011,10,97
1129001108,10,0
-633,10,1129001805
-632,10,1129001805
-549,10,1129001723
-611,10,1129001785
-598,10,1129001773
-556,10,1129001731
-656,10,1129001832
-555,10,1129001731
-549,10,1129001726
-608,10,1129001785
1129001108,10,69
-1555361943,10,-1610604176
-1555355639,10,-1610610480
269610713,10,859390464
1129001113,10,64
1129001124,10,53
1129001177,10,0
-1555357439,10,-1610608680
1129001172,10,5
253418638,10,875582539
1129001129,10,48
1129001060,10,117
130183897,10,998817280
130183737,10,998817440
130183737,10,998817440
130223257,10,998777920
130223177,10,998778000
130223177,10,998778000
130221129,10,998780048
130221089,10,998780088
130221089,10,998780088
130219625,10,998781552
130219505,10,998781672
130219505,10,998781672
1129001124,10,53
1129001177,10,0
-1555357599,10,-1610608520
1129001172,10,5
-595,10,1129001805
-594,10,1129001805
-650,10,1129001862
-715,10,1129001927
-698,10,1129001911
-682,10,1129001895
-618,10,1129001832
-680,10,1129001895
-664,10,1129001879
-711,10,1129001927
1129001163,10,53
-1555372192,10,-1610593888
-1555371304,10,-1610594776
1129001211,10,5
202763453,10,926237763
1129001168,10,48
1129001003,10,213
130195056,10,998806160
130531568,10,998469648
-1622482112,10,-1543483968
-1622482152,10,-1543483928
-1622482152,10,-1543483928
-1622469472,10,-1543496608
-1622469632,10,-1543496448
-1622469632,10,-1543496448
-1555359200,10,-1610606880
1129001216,10,0
-1555371504,10,-1610594576
1129001183,10,33
-1555360544,10,-1610605536
-1555376272,10,-1610589808
1129001008,10,208
-573,10,1129001805
-711,10,1129001944
-628,10,1129001862
-693,10,1129001927
-676,10,1129001911
-660,10,1129001895
-596,10,1129001832
-659,10,1129001895
-642,10,1129001879
-690,10,1129001927
1129001141,10,96
1129001024,10,213
130531589,10,998469648
-1555356987,10,-1610609072
-1555357027,10,-1610609032
-1555357027,10,-1610609032
-1555361899,10,-1610604160
-1555362059,10,-1610604000
-1555362059,10,-1610604000
1129001189,10,48
1129000967,10,270
-1555360763,10,-1610605296
1129001232,10,5
269610686,10,859390551
154741999,10,974259238
1129001027,10,210
1129001120,10,117
-1555355579,10,-1610610480
-712,10,1129001974
-681,10,1129001944
-599,10,1129001862
-663,10,1129001927
-646,10,1129001911
-630,10,1129001895
-708,10,1129001974
-629,10,1129001895
-613,10,1129001879
-660,10,1129001927
1129001230,10,37
-1555355549,10,-1610610480
1129001235,10,32
1129001134,10,133
1129001201,10,66
-1555375957,10,-1610590072
1129001262,10,5
303424487,10,825576780
1129001127,10,140
-1555375997,10,-1610590032
1129001262,10,5
320073694,10,808927573
-1555376037,10,-1610589992
1129001262,10,5
269738713,10,859262554
1129001150,10,117
-1555376077,10,-1610589952
-1622482893,10,-1543483136
-1622469757,10,-1543496272
-1555376109,10,-1610589920
-1622479565,10,-1543486464
-1622479685,10,-1543486344
-1555376141,10,-1610589888
-689,10,1129001974
-658,10,1129001944
-738,10,1129002025
-640,10,1129001927
-623,10,1129001911
-606,10,1129001895
-685,10,1129001974
-605,10,1129001895
-734,10,1129002025
-635,10,1129001927
1129000571,10,721
-1555354100,10,-1610611904
-1555354100,10,-1610611904
286973260,10,842028032
1129001287,10,5
252959749,10,876041543
1129001228,10,64
1129001192,10,100
-1555371092,10,-1610594912
-1555355524,10,-1610610480
1129001287,10,5
286972151,10,842029141
-1989348276,10,-1176617728
1128851408,10,149884
-1555382036,10,-1610583968
1129001287,10,5
303750920,10,825250372
-1989348276,10,-1176617728
1129001132,10,160
1129001176,10,116
-1555370580,10,-1610595424
-1555355524,10,-1610610480
303688950,10,825312342
-1555382116,10,-1610583888
-1555381940,10,-1610584064
1129001287,10,5
-1555382148,10,-1610583856
1129001292,10,0
-617,10,1129001974
-586,10,1129001944
-665,10,1129002025
-565,10,1129001927
-548,10,1129001911
-532,10,1129001895
-610,10,1129001974
-530,10,1129001895
-659,10,1129002025
-561,10,1129001927
1129001270,10,96
1128990853,10,10513
-1756681674,10,-1409284256
-1756681673,10,-1409284256
-1756693161,10,-1409272768
-1756693161,10,-1409272768
1129001319,10,48
1129001318,10,49
-1756684809,10,-1409281120
-1756682521,10,-1409283408
253418903,10,875582464
1129001271,10,96
1129001251,10,116
-1756692297,10,-1409273632
303421506,10,825579861
-1756693321,10,-1409272608
-1756683369,10,-1409282560
-1756679913,10,-1409286016
-1756693353,10,-1409272576
1129001251,10,116
-1756686617,10,-1409279312
1128991062,10,10305
-1756689513,10,-1409276416
-1756679913,10,-1409286016
-1756693433,10,-1409272496
-578,10,1129001974
-700,10,1129002097
-627,10,1129002025
-685,10,1129002083
-674,10,1129002073
-655,10,1129002054
-574,10,1129001974
-653,10,1129002054
-624,10,1129002025
-671,10,1129002073
1129001306,10,96
1129001301,10,101
1129001195,10,207
-1756688926,10,-1409276968
1129001397,10,5
253028708,10,875972694
1129001354,10,48
1129001313,10,89
-1756688966,10,-1409276928
1129001397,10,5
303358319,10,825643083
154735221,10,974266181
1129001173,10,229
-1756683750,10,-1409282144
130531754,10,998469648
555876494,10,573124908
236191609,10,892809793
186255768,10,942745634
556467608,10,572533794
153816963,10,975184439
320797058,10,808204344
268169368,10,860832034
455676288,10,673325114
236910982,10,892090420
217638808,10,911362594
455676288,10,673325114
270465409,10,858535993
285207192,10,843794210
455676288,10,673325114
270467201,10,858534201
201579416,10,927421986
455676288,10,673325114
-552,10,1129001974
-674,10,1129002097
-601,10,1129002025
-659,10,1129002083
-648,10,1129002073
-628,10,1129002054
-547,10,1129001974
-626,10,1129002054
-596,10,1129002025
-643,10,1129002073
1129001334,10,96
1129001329,10,101
1129001430,10,0
-1756692594,10,-1409273272
1129001425,10,5
320266120,10,808735310
-1027471482,10,-2138494384
1129001430,10,0
-1756692634,10,-1409273232
1129001425,10,5
236445068,10,892556362
154735249,10,974266181
1129001429,10,1
1129001377,10,53
1129001430,10,0
-1756692690,10,-1409273176
1129001425,10,5
219410302,10,909591128
-1756692714,10,-1409273152
1129001393,10,37
-1756688826,10,-1409277040
-1756681978,10,-1409283888
1129001398,10,32
1129001297,10,133
1129001210,10,220
-1756692770,10,-1409273096
1129001425,10,5
303423869,10,825577561
-1756692794,10,-1409273072
1129001349,10,81
-1756692810,10,-1409273056
1129001425,10,5
269932421,10,859069009
-636,10,1129002131
-601,10,1129002097
-679,10,1129002177
-585,10,1129002083
-574,10,1129002073
-554,10,1129002054
-630,10,1129002131
-552,10,1129002054
-659,10,1129002162
-569,10,1129002073
1129001135,10,369
-1756680128,10,-1409285664
-1756680128,10,-1409285664
1129001499,10,5
303423943,10,825577561
-1989348064,10,-1176617728
-1756688096,10,-1409277696
1129001499,10,5
269932495,10,859069009
1129001504,10,0
-1756688136,10,-1409277656
1129001499,10,5
203091911,10,925909593
-1538562784,10,-1627403008
1129001504,10,0
-1756688176,10,-1409277616
236052768,10,892948736
-1756684424,10,-1409281368
1129001328,10,176
1129001308,10,196
1129001504,10,0
-1756688232,10,-1409277560
1129001499,10,5
270064351,10,858937153
-1989348064,10,-1176617728
-1756688272,10,-1409277520
1129001499,10,5
319937500,10,809064004
-594,10,1129002131
-720,10,1129002258
-638,10,1129002177
-698,10,1129002237
-691,10,1129002231
-686,10,1129002228
-588,10,1129002131
-687,10,1129002231
-617,10,1129002162
-692,10,1129002238
1129001481,10,65
1129001493,10,53
-1555370790,10,-1610594960
-1555355270,10,-1610610480
1129001541,10,5
169534726,10,959466820
-1865714358,10,-1300251392
1129001513,10,33
-1555353158,10,-1610612592
-1555382422,10,-1610583328
1129001514,10,32
1129001446,10,100
130169770,10,998831776
130531898,10,998469648
1129001541,10,5
303161861,10,825839685
-1848928950,10,-1317036800
1129001443,10,103
-1555356214,10,-1610609536
1129001541,10,5
169536501,10,959465045
154742308,10,974259238
1129001477,10,69
-1555357174,10,-1610608576
-1555355270,10,-1610610480
1129001482,10,64
1129001445,10,101
-1555375974,10,-1610589776
-563,10,1129002131
-690,10,1129002258
-607,10,1129002177
-666,10,1129002237
-660,10,1129002231
-656,10,1129002228
-558,10,1129002131
-656,10,1129002231
-587,10,1129002162
-661,10,1129002238
1129001577,10,0
1129001444,10,133
1129001577,10,0
-1622465151,10,-1543500568
1129001572,10,5
320138533,10,808863044
1129001529,10,48
-1622465191,10,-1543500528
1129001572,10,5
219273758,10,909727819
-1622469287,10,-1543496432
1129001577,10,0
-1622465231,10,-1543500488
1129001572,10,5
286646815,10,842354762
1129001524,10,53
-1622464087,10,-1543501632
-1622479639,10,-1543486080
1129001572,10,5
303751463,10,825250114
-1530170007,10,-1635795712
1129001400,10,177
-1622483543,10,-1543482176
-1622462135,10,-1543503584
1129001572,10,5
169208357,10,959793220
-1530170007,10,-1635795712
1129001577,10,0
-1622465367,10,-1543500352
1129001572,10,5
303621649,10,825379928
-530,10,1129002131
-656,10,1129002258
-573,10,1129002177
-632,10,1129002237
-625,10,1129002231
-621,10,1129002228
-523,10,1129002131
-621,10,1129002231
-551,10,1129002162
-626,10,1129002238
1129001495,10,117
-1555375940,10,-1610589744
252827707,10,876173905
-1555375972,10,-1610589712
-1555375988,10,-1610589696
1129001607,10,5
-1555376004,10,-1610589680
1129001612,10,0
-1555376028,10,-1610589656
1129001607,10,5
1129001495,10,117
-1555376052,10,-1610589632
-1555375988,10,-1610589696
1129001607,10,5
-1555376084,10,-1610589600
-1555376108,10,-1610589576
-1555376116,10,-1610589568
-1997740660,10,-1168225024
-1555355204,10,-1610610480
1129001479,10,133
-1555376164,10,-1610589520
-1555375988,10,-1610589696
-491,10,1129002131
-617,10,1129002258
-534,10,1129002177
-593,10,1129002237
-586,10,1129002231
-582,10,1129002228
-483,10,1129002131
-582,10,1129002231
-667,10,1129002317
-585,10,1129002238
1129001653,10,0
1129001600,10,53
-1555370683,10,-1610594960
-1555393283,10,-1610572360
1129001648,10,5
320135536,10,808866117
-1555393307,10,-1610572336
1129001568,10,85
-1555355723,10,-1610609920
130195821,10,998805832
-1555393355,10,-1610572288
130195821,10,998805832
1129001573,10,80
1129000992,10,661
-1555362059,10,-1610603584
130532005,10,998469648
1129001648,10,5
236380771,10,892620882
-1504991819,10,-1660973824
-1555393451,10,-1610572192
1129001648,10,5
186047079,10,942954574
154735472,10,974266181
-1555393491,10,-1610572152
1129001648,10,5
303165280,10,825836373
-1555372523,10,-1610593120
-619,10,1129002336
-540,10,1129002258
-616,10,1129002336
-516,10,1129002237
-508,10,1129002231
-504,10,1129002228
-610,10,1129002336
-635,10,1129002363
-588,10,1129002317
-508,10,1129002238
1129001629,10,101
1129001629,10,101
-1689584662,10,-1476380904
1129001725,10,5
219410602,10,909591128
-1989347838,10,-1176617728
1129001626,10,104
-1689584702,10,-1476380864
1129001725,10,5
320400058,10,808601672
-1989347838,10,-1176617728
1129001660,10,70
1129001549,10,181
-1689585422,10,-1476380144
130532082,10,998469648
1129001725,10,5
252831163,10,876170567
-1689585022,10,-1476380544
1129001667,10,63
-1689584798,10,-1476380768
1129001725,10,5
270196923,10,858804807
-1689570766,10,-1476394800
1129001654,10,76
-1689584838,10,-1476380728
1129001725,10,5
236187068,10,892814662
-1997740542,10,-1168225024
1129001638,10,92
-1689584878,10,-1476380688
1129001725,10,5
253028285,10,875973445
-579,10,1129002336
-499,10,1129002258
-576,10,1129002336
-476,10,1129002237
-468,10,1129002231
-464,10,1129002228
-571,10,1129002336
-596,10,1129002363
-549,10,1129002317
-469,10,1129002238
1129001577,10,192
1129001652,10,117
-1555382087,10,-1610583440
-1555364247,10,-1610601280
-1555364279,10,-1610601248
1129001657,10,112
1129001108,10,661
-1756689575,10,-1409275952
130532121,10,998469648
1129001765,10,5
236380888,10,892620882
-1488206294,10,-1677759232
-1555364374,10,-1610601152
1129001765,10,5
186047196,10,942954574
154735589,10,974266181
1129001770,10,0
-1555364414,10,-1610601112
1129001765,10,5
303165397,10,825836373
1129001769,10,1
-1555364454,10,-1610601072
-540,10,1129002336
-604,10,1129002402
-537,10,1129002336
-606,10,1129002406
-607,10,1129002408
-605,10,1129002408
-532,10,1129002336
-558,10,1129002363
-511,10,1129002317
-596,10,1129002404
1129001755,10,53
-1756685376,10,-1409280112
-1756688440,10,-1409277048
1129001803,10,5
169274616,10,959727192
-1756688464,10,-1409277024
1129001675,10,133
1129001808,10,0
-1756688488,10,-1409277000
1129001803,10,5
169341431,10,959660377
-1756686448,10,-1409279040
1129001747,10,61
-1756688528,10,-1409276960
1129001803,10,5
202696439,10,926305369
1129001808,10,0
1129001609,10,199
-1756688568,10,-1409276920
1129001803,10,5
219735804,10,909266004
1129001680,10,128
1129001579,10,229
-1756683344,10,-1409282144
130532160,10,998469648
555876900,10,573124908
236192015,10,892809793
186256174,10,942745634
556468014,10,572533794
153817369,10,975184439
320797464,10,808204344
268169774,10,860832034
-502,10,1129002336
-567,10,1129002402
-499,10,1129002336
-568,10,1129002406
-568,10,1129002408
-566,10,1129002408
-492,10,1129002336
-518,10,1129002363
-470,10,1129002317
-555,10,1129002404
1128851849,10,150000
1129001784,10,65
-1756688903,10,-1409276544
-1756684727,10,-1409280720
269738105,10,859263744
-1756715191,10,-1409250256
-1756687351,10,-1409278096
1129001785,10,64
1129001621,10,228
-1756688551,10,-1409276896
130532201,10,998469648
437978945,10,691022904
253029155,10,875972694
220402009,10,908599840
556468055,10,572533794
153817416,10,975184433
437913417,10,691088432
236510518,10,892491331
304288089,10,824713760
589238608,10,539763241
589888580,10,539113269
387318344,10,741683505
-167505575,10,1296507424
556464473,10,572537376
589238608,10,539763241
589888328,10,539113521
437913417,10,691088432
270068769,10,858933080
304288089,10,824713760
437782343,10,691219506
169535798,10,959466051
304288089,10,824713760
-406,10,1129002336
-470,10,1129002402
-403,10,1129002336
-472,10,1129002406
-473,10,1129002408
-471,10,1129002408
-398,10,1129002336
-424,10,1129002363
-376,10,1129002317
-461,10,1129002404
1129001847,10,96
1129001826,10,117
-1756699209,10,-1409266144
168948110,10,960053833
-1756699241,10,-1409266112
-1756699177,10,-1409266176
1129001938,10,5
-1756699273,10,-1409266080
1128852183,10,149760
-1756699297,10,-1409266056
1129001938,10,5
1129001826,10,117
-1756699321,10,-1409266032
-1756699177,10,-1409266176
1129001938,10,5
-1756699353,10,-1409266000
1129001943,10,0
1129001782,10,161
-1756699385,10,-1409265968
202761943,10,926240000
-1622464169,10,-1543501184
1129001943,10,0
1129001826,10,117
-1756699433,10,-1409265920
-1622466345,10,-1543499008
-365,10,1129002336
-430,10,1129002402
-362,10,1129002336
-430,10,1129002406
-430,10,1129002408
-429,10,1129002408
-355,10,1129002336
-557,10,1129002540
-538,10,1129002522
-419,10,1129002404
1129001985,10,0
1129001724,10,261
130532337,10,998469648
1129001980,10,5
169012927,10,959989058
-1530169599,10,-1635795712
-1622479918,10,-1543485392
1129001981,10,5
236053181,10,892948805
-1530169598,10,-1635795712
1129001986,10,0
-1622479958,10,-1543485352
1129001981,10,5
186179776,10,942822210
-1530169598,10,-1635795712
-1622479998,10,-1543485312
1129001981,10,5
303689644,10,825312342
-1530169598,10,-1635795712
1129001986,10,0
-1622480038,10,-1543485272
1129001981,10,5
236185515,10,892816471
-1997740286,10,-1168225024
1129001986,10,0
-1622480078,10,-1543485232
1129001981,10,5
269607603,10,859394383
-1997740286,10,-1168225024
1129001730,10,256
-527,10,1129002540
-387,10,1129002402
-523,10,1129002540
-387,10,1129002406
-387,10,1129002408
-386,10,1129002408
-515,10,1129002539
-514,10,1129002540
-494,10,1129002522
-374,10,1129002404
1129001913,10,117
-1756683842,10,-1409281424
236445668,10,892556362
-1756683874,10,-1409281392
-1756683730,10,-1409281536
1129002025,10,5
-1756683906,10,-1409281360
1128852270,10,149760
-1756683930,10,-1409281336
1129002025,10,5
1129001913,10,117
-1756683954,10,-1409281312
-1756683730,10,-1409281536
1129002025,10,5
-1756683986,10,-1409281280
1128852782,10,149248
-1756684010,10,-1409281256
-1756684018,10,-1409281248
-1488206034,10,-1677759232
1128852586,10,149444
-1756684050,10,-1409281216
1129001913,10,117
-1756684066,10,-1409281200
1128852782,10,149248
-446,10,1129002540
-306,10,1129002402
-442,10,1129002540
-306,10,1129002406
-306,10,1129002408
-305,10,1129002408
-432,10,1129002539
-431,10,1129002540
-412,10,1129002522
-292,10,1129002404
1129001876,10,236
1128885103,10,117009
-1689586144,10,-1476379040
-1689584144,10,-1476381040
1129002107,10,5
169536061,10,959466051
-1479813248,10,-1686151936
1128852112,10,150000
-1689588416,10,-1476376768
1129002107,10,5
253225769,10,875776343
-1479813248,10,-1686151936
-1689570352,10,-1476394832
1129002063,10,49
-1689573024,10,-1476392160
-1689570336,10,-1476394848
-1689574368,10,-1476390816
-1689570320,10,-1476394864
1129001968,10,144
1129001980,10,132
-1689583520,10,-1476381664
-1689575984,10,-1476389200
1129002107,10,5
286972971,10,842029141
-1027463592,10,-2138501592
1128852288,10,149824
-1689588560,10,-1476376624
1129002107,10,5
303751740,10,825250372
1129002108,10,4
1128852112,10,150000
-1689588600,10,-1476376584
1129002107,10,5
-385,10,1129002540
-486,10,1129002643
-381,10,1129002540
-482,10,1129002643
-500,10,1129002663
-499,10,1129002663
-373,10,1129002539
-373,10,1129002540
-353,10,1129002522
-494,10,1129002664
1129001989,10,181
1128852964,10,149206
-1622481022,10,-1543484104
1129002165,10,5
253026928,10,875975242
1129001761,10,409
1128852949,10,149221
-1622481062,10,-1543484064
1129002165,10,5
320399731,10,808602439
1129001761,10,409
1128852632,10,149538
-1622481102,10,-1543484024
1129002165,10,5
219737189,10,909264981
1129001761,10,409
1128852170,10,150000
-1622481142,10,-1543483984
1129002165,10,5
320074606,10,808927564
1129001761,10,409
1129001994,10,176
1129002069,10,101
-1622480150,10,-1543484976
130532522,10,998469648
1129002165,10,5
286913384,10,842088786
-1463027782,10,-1702937344
1129002056,10,114
-1622481238,10,-1543483888
1129002165,10,5
320271205,10,808730965
-337,10,1129002540
-438,10,1129002643
-333,10,1129002540
-434,10,1129002643
-452,10,1129002663
-451,10,1129002663
-325,10,1129002539
-324,10,1129002540
-305,10,1129002522
-446,10,1129002664
1129002218,10,0
1129002073,10,145
-1622505942,10,-1543459136
-1622504886,10,-1543460192
1129002213,10,5
169205161,10,959797057
-1622479830,10,-1543485248
-1622479846,10,-1543485232
1129002213,10,5
253293481,10,875708737
-1622479886,10,-1543485192
1129002213,10,5
169275026,10,959727192
1129002213,10,5
320136101,10,808866117
1129002074,10,144
1129002038,10,180
1129001943,10,275
-1622479950,10,-1543485128
1129002213,10,5
303226006,10,825776212
1129001726,10,492
1129001944,10,275
-1622479989,10,-1543485088
1129002214,10,5
320529063,10,808473156
1129001727,10,492
1129001944,10,275
-1622480029,10,-1543485048
1129002214,10,5
-291,10,1129002540
-392,10,1129002643
-287,10,1129002540
-388,10,1129002643
-406,10,1129002663
-404,10,1129002663
-278,10,1129002539
-276,10,1129002540
-257,10,1129002522
-396,10,1129002664
1129000923,10,1345
-1622462372,10,-1543502656
-1622462372,10,-1543502656
-1622506484,10,-1543458544
-1622506484,10,-1543458544
1129002204,10,64
1129001896,10,372
-1689584372,10,-1476380656
1129002263,10,5
186047694,10,942954574
1128852392,10,149876
-1622506628,10,-1543458400
1129002263,10,5
303165895,10,825836373
1128852392,10,149876
-1622506668,10,-1543458360
1129002263,10,5
286516437,10,842485831
1128852392,10,149876
-1622506708,10,-1543458320
1129002263,10,5
270068165,10,858934103
1128852392,10,149876
-1622506748,10,-1543458280
1129002263,10,5
-552,10,1129002893
-295,10,1129002643
-540,10,1129002890
-290,10,1129002643
-308,10,1129002663
-305,10,1129002663
-529,10,1129002890
-493,10,1129002856
-491,10,1129002856
-297,10,1129002664
1129002271,10,96
1129002074,10,293
-1756729089,10,-1409235840
130532719,10,998469648
1129002362,10,5
219409457,10,909592910
-1555388577,10,-1610576352
1128852607,10,149760
-1555388593,10,-1610576336
1129002362,10,5
186181670,10,942820697
1128852607,10,149760
-1555388633,10,-1610576296
1129002362,10,5
236117288,10,892885079
-1555382881,10,-1610582048
1128852607,10,149760
-1555388673,10,-1610576256
1129002362,10,5
252833324,10,876169043
1128852607,10,149760
-1555388713,10,-1610576216
1129002362,10,5
202630970,10,926371397
-1555388545,10,-1610576384
1128852607,10,149760
-1555388753,10,-1610576176
1129002362,10,5
303227698,10,825774669
-1555352321,10,-1610612608
1128852608,10,149760
-492,10,1129002893
-604,10,1129003007
-485,10,1129002890
-616,10,1129003023
-254,10,1129002663
-617,10,1129003028
-477,10,1129002890
-441,10,1129002856
-439,10,1129002856
-604,10,1129003023
1129002323,10,96
1129002286,10,133
1129002358,10,61
-1756684853,10,-1409280024
1129002414,10,5
169205362,10,959797057
-1027463285,10,-2138501592
1129002230,10,189
-1756684893,10,-1409279984
1129002414,10,5
169275227,10,959727192
1129002415,10,4
1129002287,10,132
-1756684933,10,-1409279944
1129002414,10,5
253293682,10,875708737
1129002291,10,128
1129002210,10,209
-1756679053,10,-1409285824
-1756699405,10,-1409265472
1129002414,10,5
219605103,10,909397316
-1756685005,10,-1409279872
1128852607,10,149812
-1756685021,10,-1409279856
1129002414,10,5
270002784,10,858999635
1128852676,10,149743
-1756685061,10,-1409279816
1129002414,10,5
320396382,10,808606037
-1756687597,10,-1409277280
-380,10,1129002893
-491,10,1129003007
-372,10,1129002890
-503,10,1129003023
-484,10,1129003007
-502,10,1129003028
-361,10,1129002890
-325,10,1129002856
-323,10,1129002856
-487,10,1129003023
1129002471,10,65
-1689586824,10,-1476377936
-1689585528,10,-1476379232
269605928,10,859396608
-1429456600,10,-1736508160
-1997739736,10,-1168225024
1129002472,10,64
1129002276,10,260
1129002455,10,81
-1689580288,10,-1476384472
1129002531,10,5
270198229,10,858804307
-1689580312,10,-1476384448
1129002368,10,168
-1689580328,10,-1476384432
1129002531,10,5
320531164,10,808471372
1129002368,10,168
-1689580368,10,-1476384392
1129002531,10,5
320135139,10,808867397
-1689580392,10,-1476384368
1129002368,10,168
-1689580408,10,-1476384352
1129002531,10,5
253357796,10,875644740
1128999847,10,2689
1129002368,10,168
-1689580448,10,-1476384312
1129002531,10,5
-323,10,1129002893
-435,10,1129003007
-316,10,1129002890
-446,10,1129003023
-428,10,1129003007
-447,10,1129003028
-306,10,1129002890
-270,10,1129002856
-268,10,1129002856
-433,10,1129003023
1129002494,10,96
1128914861,10,87729
-1622508314,10,-1543456392
1129002585,10,5
303163399,10,825839191
-1622508354,10,-1543456352
1129002585,10,5
303752476,10,825250114
-1622508394,10,-1543456312
1129002585,10,5
269872909,10,859129681
-1622508434,10,-1543456272
1129002585,10,5
320074512,10,808928078
-1622508474,10,-1543456232
1129002585,10,5
252964877,10,876037713
320202508,10,808800082
1128915069,10,87521
-1756715330,10,-1409249376
1129002585,10,5
219409680,10,909592910
-1513383586,10,-1652581120
-474,10,1129003159
-320,10,1129003007
-468,10,1129003157
-332,10,1129003023
-313,10,1129003007
-332,10,1129003028
-461,10,1129003160
-458,10,1129003159
-451,10,1129003155
-548,10,1129003254
1129002610,10,96
1128914977,10,87729
-1622508198,10,-1543456392
1129002701,10,5
303163515,10,825839191
-1622508237,10,-1543456352
1129002702,10,5
303752593,10,825250114
-1622508277,10,-1543456312
1129002702,10,5
269873026,10,859129681
-1622508317,10,-1543456272
1129002702,10,5
320074629,10,808928078
-1622508357,10,-1543456232
1129002702,10,5
252964994,10,876037713
320202625,10,808800082
1128915186,10,87521
-1756715213,10,-1409249376
1129002702,10,5
219409797,10,909592910
-1513383469,10,-1652581120
-413,10,1129003159
-527,10,1129003276
-407,10,1129003157
-271,10,1129003023
-526,10,1129003280
-519,10,1129003276
-401,10,1129003160
-397,10,1129003159
-392,10,1129003155
-489,10,1129003254
1128996140,10,6625
-1756680147,10,-1409284384
-1756680147,10,-1409284384
-1756715763,10,-1409248768
-1756715763,10,-1409248768
-1756733619,10,-1409230912
1129002674,10,91
-1756715843,10,-1409248688
1129002760,10,5
202631368,10,926371397
1129002540,10,225
-1756715883,10,-1409248648
1129002760,10,5
186182068,10,942820697
1129002765,10,0
1129002540,10,225
-1756715923,10,-1409248608
1129002760,10,5
236117686,10,892885079
1129002540,10,225
-1756715963,10,-1409248568
1129002760,10,5
303228096,10,825774669
1129002699,10,66
1129002218,10,547
-1756716003,10,-1409248528
1129002760,10,5
253029320,10,875973445
1129002685,10,80
1129002182,10,583
-346,10,1129003159
-460,10,1129003276
-339,10,1129003157
-456,10,1129003277
-456,10,1129003280
-449,10,1129003276
-330,10,1129003160
-327,10,1129003159
-322,10,1129003155
-419,10,1129003254
1129002783,10,53
-1756688236,10,-1409276224
-1756712716,10,-1409251744
130127692,10,998875144
-1395951020,10,-1770013440
1129002639,10,197
130341860,10,998660976
130533188,10,998469648
437979934,10,691022902
303226624,10,825776212
170071348,10,958931488
556469042,10,572533794
153818395,10,975184441
555877928,10,573124908
286655491,10,842347345
387649330,10,741353506
16913716,10,1112089120
556465460,10,572537376
387580955,10,741421881
-151382732,10,1280385568
556465460,10,572537376
387384092,10,741618744
-318106316,10,1447109152
556465460,10,572537376
387647268,10,741355568
-16247500,10,1145250336
556465460,10,572537376
387647268,10,741355568
1129002711,10,125
1129002607,10,229
-1756682092,10,-1409282368
-260,10,1129003159
-374,10,1129003276
-253,10,1129003157
-370,10,1129003277
-370,10,1129003280
-363,10,1129003276
-244,10,1129003160
-240,10,1129003159
-234,10,1129003155
-330,10,1129003254
1129002807,10,117
-1890917332,10,-1275047040
-1421135956,10,-1744828416
-1890917364,10,-1275047008
270066604,10,858936320
1128853023,10,149901
-1890917396,10,-1275046976
-1890907220,10,-1275057152
1129002807,10,117
-1890917444,10,-1275046928
130148356,10,998854568
-1890917476,10,-1275046896
130148356,10,998854568
-1890917508,10,-1275046864
130148356,10,998854568
1129002859,10,65
-1890934116,10,-1275030256
-1890919012,10,-1275045360
-1890917572,10,-1275046800
-531,10,1129003493
-312,10,1129003276
-527,10,1129003493
-309,10,1129003277
-545,10,1129003515
-535,10,1129003508
-519,10,1129003495
-514,10,1129003493
-514,10,1129003495
-523,10,1129003506
1129002646,10,337
-1890935001,10,-1275029312
-1890902793,10,-1275061520
1129002979,10,5
253223829,10,875779155
-1362380056,10,-1803584256
1129002983,10,1
-1890933224,10,-1275031088
1129002979,10,5
253029012,10,875973972
-1362380056,10,-1803584256
1129002983,10,1
-1890933264,10,-1275031048
1129002979,10,5
286781591,10,842221393
-1362380056,10,-1803584256
1129002983,10,1
-1890933304,10,-1275031008
1129002979,10,5
203093400,10,925909584
-1362380056,10,-1803584256
1129002983,10,1
-1890933344,10,-1275030968
1129002979,10,5
236516757,10,892486227
-1362380056,10,-1803584256
1128853289,10,149695
-1890933384,10,-1275030928
1129002979,10,5
219673230,10,909329754
1128853276,10,149708
-426,10,1129003493
-206,10,1129003276
-420,10,1129003493
-201,10,1129003277
-436,10,1129003515
-425,10,1129003508
-409,10,1129003495
-405,10,1129003493
-405,10,1129003495
-413,10,1129003506
1129002997,10,96
1129002912,10,181
130115589,10,998887504
130533445,10,998469648
1129003088,10,5
202765330,10,926237763
-1362379947,10,-1803584256
1129003092,10,1
-1622492635,10,-1543471568
1129003088,10,5
286713349,10,842289744
-1362379947,10,-1803584256
1129003092,10,1
-1622492675,10,-1543471528
1129003088,10,5
253294335,10,875708758
-1362379947,10,-1803584256
1129003093,10,0
-1622492715,10,-1543471488
1129003088,10,5
236449029,10,892554064
-1362379947,10,-1803584256
1129002917,10,176
1129002832,10,261
1128853491,10,149602
-1622492771,10,-1543471432
1129003088,10,5
186116623,10,942886470
1128853185,10,149908
-1622492811,10,-1543471392
1129003088,10,5
269607171,10,859395922
-356,10,1129003493
-471,10,1129003611
-350,10,1129003493
-486,10,1129003633
-365,10,1129003515
-355,10,1129003508
-338,10,1129003495
-333,10,1129003493
-332,10,1129003495
-340,10,1129003506
1128998269,10,4897
-2038344050,10,-1127620080
130097566,10,998905600
130097566,10,998905600
130097566,10,998905600
-1997741634,10,-1168222496
-1997741490,10,-1168222640
-238,10,1129003493
-353,10,1129003611
-233,10,1129003493
-370,10,1129003633
-250,10,1129003515
-240,10,1129003508
-224,10,1129003495
-219,10,1129003493
-218,10,1129003495
-226,10,1129003506
1129003184,10,96
1129003231,10,49
130281968,10,998721312
1129003272,10,8
-2035728256,10,-1130235760
1129003231,10,49
-606287453,10,1735290733
-740357663,10,1869360943
148293025,10,980710255
1129003225,10,55
1129003231,10,49
130286128,10,998717152
1129003272,10,8
1129003231,10,49
-606287453,10,1735290733
-740357663,10,1869360943
148293025,10,980710255
1129003225,10,55
1129003231,10,49
-606287453,10,1735290733
-740357663,10,1869360943
148293025,10,980710255
1129003225,10,55
1129003231,10,49
130133808,10,998869472
-501,10,1129003815
-607,10,1129003923
-497,10,1129003815
-619,10,1129003939
-481,10,1129003804
-457,10,1129003782
-476,10,1129003804
-477,10,1129003808
-479,10,1129003813
-476,10,1129003813
1129003241,10,96
1129003032,10,305
1129003337,10,0
130212593,10,998790744
1129003332,10,5
253290738,10,875712599
-1882500503,10,-1283463456
130212553,10,998790784
1129003332,10,5
186313971,10,942689366
130212513,10,998790824
1129003332,10,5
236578056,10,892425281
130212473,10,998790864
1129003332,10,5
303228146,10,825775191
1129003276,10,61
130212433,10,998790904
1129003333,10,5
169537287,10,959466051
1129003306,10,32
130212394,10,998790944
1129003333,10,5
286388219,10,842615119
1129003241,10,97
-443,10,1129003815
-549,10,1129003923
-439,10,1129003815
-560,10,1129003939
-423,10,1129003804
-398,10,1129003782
-417,10,1129003804
-418,10,1129003808
-420,10,1129003813
-418,10,1129003813
1129003299,10,96
1129003186,10,209
-1421133757,10,-1744830144
-1421133757,10,-1744830144
1129003390,10,5
253226801,10,875776594
-1421141741,10,-1744822160
1129003219,10,176
-1421175181,10,-1744788720
1129003390,10,5
303685432,10,825317963
-1421141757,10,-1744822144
1129003179,10,216
-1421175221,10,-1744788680
1129003390,10,5
253424175,10,875579220
-1622482837,10,-1543481064
1129003006,10,389
-1421175261,10,-1744788640
1129003390,10,5
236642354,10,892361041
1129002442,10,953
-1421175301,10,-1744788600
1129003390,10,5
303423534,10,825579861
1129003187,10,208
1129003183,10,212
1129003395,10,0
-1421175349,10,-1744788552
1129003390,10,5
236642354,10,892361041
-1622482837,10,-1543481064
-333,10,1129003815
-438,10,1129003923
-327,10,1129003815
-448,10,1129003939
-309,10,1129003804
-598,10,1129004095
-304,10,1129003804
-305,10,1129003808
-308,10,1129003813
-592,10,1129004100
1129003412,10,96
1129003011,10,497
130533860,10,998469648
437980612,10,691022896
303164317,10,825839191
270735317,10,858268192
589240268,10,539763241
589891012,10,539112497
387516354,10,741487155
-83421227,10,1212424736
556466133,10,572537376
555878857,10,573124652
320341166,10,808662343
169021907,10,959981602
-349627959,10,1478631468
588323283,10,540680226
437980612,10,691022897
303624606,10,825378903
321066965,10,807936544
-181855799,10,1310859308
588323283,10,540680226
388567236,10,740436273
554959294,10,574044215
287246797,10,841756712
267841491,10,861162018
455678395,10,673325114
253691326,10,875312183
252241107,10,876762402
455678395,10,673325114
253691326,10,875312183
251194323,10,877809186
455678395,10,673325114
-269,10,1129003815
-372,10,1129003923
-261,10,1129003815
-382,10,1129003939
-242,10,1129003804
-530,10,1129004095
-541,10,1129004110
-236,10,1129003808
-237,10,1129003813
-521,10,1129004100
1129003370,10,209
130146595,10,998856984
1129003574,10,5
219671266,10,909332313
-1320418469,10,-1845545248
130146555,10,998857024
1129003574,10,5
253092584,10,875910995
1129003671,10,-92
130146515,10,998857064
1129003574,10,5
202565625,10,926437954
1129003674,10,-95
130146475,10,998857104
1129003574,10,5
236185073,10,892818506
1129003689,10,-110
130146435,10,998857144
1129003574,10,5
303625443,10,825378136
1129003371,10,208
1129003322,10,257
1129003579,10,0
130146387,10,998857192
1129003574,10,5
169276387,10,959727192
-1997741221,10,-1168222496
-463,10,1129004106
-531,10,1129004178
-460,10,1129004110
-525,10,1129004178
-452,10,1129004108
-436,10,1129004095
-448,10,1129004110
-434,10,1129004098
-434,10,1129004100
-431,10,1129004100
1129003332,10,337
1129003669,10,0
130106189,10,998897480
1129003664,10,5
303359057,10,825644612
-1278454859,10,-1887508768
130106149,10,998897520
1129003664,10,5
252966724,10,876036945
130106109,10,998897560
1129003664,10,5
320465474,10,808538195
130106069,10,998897600
1129003664,10,5
269606985,10,859396684
130106029,10,998897640
1129003664,10,5
252964178,10,876039491
130105989,10,998897680
1129003664,10,5
320401997,10,808601672
-393,10,1129004106
-462,10,1129004178
-391,10,1129004110
-456,10,1129004178
-382,10,1129004108
-365,10,1129004095
-377,10,1129004110
-362,10,1129004098
-360,10,1129004100
-559,10,1129004302
1129003647,10,96
1129003566,10,177
1129003743,10,0
130124455,10,998879288
1129003738,10,5
303360660,10,825643083
130210775,10,998792968
1129003743,10,0
130124415,10,998879328
1129003738,10,5
320462990,10,808540753
130142191,10,998861552
1129003743,10,0
130124375,10,998879368
1129003738,10,5
252898196,10,876105547
130111639,10,998892104
1129003743,10,0
130124335,10,998879408
1129003738,10,5
252898196,10,876105547
253227400,10,875776343
1129003567,10,176
1129003454,10,289
1129003408,10,335
130124279,10,998879464
1129003738,10,5
219408285,10,909595458
1129003408,10,335
130124239,10,998879504
1129003738,10,5
203092379,10,925911364
-284,10,1129004106
-352,10,1129004178
-281,10,1129004110
-346,10,1129004178
-272,10,1129004108
-461,10,1129004301
-267,10,1129004110
-251,10,1129004098
-250,10,1129004100
-449,10,1129004302
1129003757,10,96
1129003804,10,49
130282541,10,998721312
1129003845,10,8
-2035727683,10,-1130235760
1129003804,10,49
-606286880,10,1735290733
-740357090,10,1869360943
148293598,10,980710255
1129003798,10,55
1129003804,10,49
130286701,10,998717152
1129003845,10,8
1129003804,10,49
-606286880,10,1735290733
-740357090,10,1869360943
148293598,10,980710255
1129003798,10,55
1129003804,10,49
-606286880,10,1735290733
-740357090,10,1869360943
148293598,10,980710255
1129003798,10,55
1129003804,10,49
130223821,10,998780032
-504,10,1129004428
-496,10,1129004423
-517,10,1129004446
-495,10,1129004428
-492,10,1129004429
-360,10,1129004301
-481,10,1129004425
-480,10,1129004428
-476,10,1129004428
-347,10,1129004302
1129003794,10,161
130163987,10,998839968
130163707,10,998840248
130163627,10,998840328
130191907,10,998812048
130191707,10,998812248
130191667,10,998812288
130150435,10,998853520
130150195,10,998853760
130150195,10,998853760
130206851,10,998797104
130206651,10,998797304
130206571,10,998797384
130173251,10,998830704
130172972,10,998830984
130172932,10,998831024
130129268,10,998874688
130129148,10,998874808
130129028,10,998874928
1129003796,10,160
1129003171,10,785
130534308,10,998469648
130278500,10,998725456
130278492,10,998725464
130254356,10,998749600
1129003828,10,128
-2035367340,10,-1130596000
-385,10,1129004428
-377,10,1129004423
-397,10,1129004446
-377,10,1129004428
-375,10,1129004429
-243,10,1129004301
-363,10,1129004425
-363,10,1129004428
-359,10,1129004428
-513,10,1129004586
1129003912,10,161
130164105,10,998839968
130163825,10,998840248
130163745,10,998840328
130192025,10,998812048
130191825,10,998812248
130191785,10,998812288
130150553,10,998853520
130150313,10,998853760
130150313,10,998853760
130206969,10,998797104
130206769,10,998797304
130206689,10,998797384
130173369,10,998830704
130173049,10,998831024
130173049,10,998831024
130129385,10,998874688
130129225,10,998874848
130129145,10,998874928
1129003913,10,160
1129003288,10,785
130534425,10,998469648
130278617,10,998725456
130278609,10,998725464
130254473,10,998749600
1129003945,10,128
-2035367223,10,-1130596000
-316,10,1129004428
-308,10,1129004423
-624,10,1129004742
-602,10,1129004722
-631,10,1129004755
-458,10,1129004586
-294,10,1129004425
-293,10,1129004428
-289,10,1129004428
-443,10,1129004586
1129004047,10,96
1129003966,10,177
1129004055,10,88
130124855,10,998879288
1129004138,10,5
320463390,10,808540753
130211175,10,998792968
1129004043,10,100
130124815,10,998879328
1129004138,10,5
252898596,10,876105547
130142591,10,998861552
1129004143,10,0
130124775,10,998879368
1129004138,10,5
252898596,10,876105547
130112039,10,998892104
1129004143,10,0
130124735,10,998879408
1129004138,10,5
252898596,10,876105547
253227800,10,875776343
1129003967,10,176
1129003854,10,289
1129003808,10,335
130124679,10,998879464
1129004138,10,5
219408685,10,909595458
1129003808,10,335
130124640,10,998879504
1129004139,10,5
203092780,10,925911364
-510,10,1129004741
-507,10,1129004741
-505,10,1129004742
-483,10,1129004722
-513,10,1129004755
-341,10,1129004586
-506,10,1129004754
-510,10,1129004761
-489,10,1129004742
-613,10,1129004869
1129004160,10,96
1129003839,10,417
1129003937,10,319
130154584,10,998849672
1129004251,10,5
219542426,10,909461830
-1882499584,10,-1283463456
1129003937,10,319
130154544,10,998849712
1129004251,10,5
303296148,10,825708108
1129003937,10,319
130154504,10,998849752
1129004251,10,5
286845579,10,842158677
1129003784,10,472
130154464,10,998849792
1129004251,10,5
303427476,10,825576780
1129003784,10,472
130154425,10,998849832
1129004252,10,5
269741703,10,859262554
1129003785,10,472
130154385,10,998849872
1129004252,10,5
270067338,10,858936919
1129003785,10,472
-444,10,1129004741
-441,10,1129004741
-439,10,1129004742
-416,10,1129004722
-446,10,1129004755
-273,10,1129004586
-439,10,1129004754
-443,10,1129004761
-422,10,1129004742
-545,10,1129004869
1129004228,10,96
1129004143,10,181
1129004231,10,93
-1622477844,10,-1543485128
1129004319,10,5
219800291,10,909204033
1129003832,10,492
1129004019,10,305
-1622477884,10,-1543485088
1129004319,10,5
202699741,10,926304583
1129003832,10,492
1129004324,10,0
-1622477924,10,-1543485048
1129004319,10,5
219800291,10,909204033
1129003832,10,492
1129004192,10,132
-1622477964,10,-1543485008
1129004319,10,5
320534485,10,808469839
1129003832,10,492
1129004148,10,176
1129004223,10,101
-1622464108,10,-1543498864
130534676,10,998469648
1129004319,10,5
219800291,10,909204033
1129004276,10,48
1129004324,10,0
-1622478060,10,-1543484912
1129004319,10,5
202699741,10,926304583
-352,10,1129004741
-347,10,1129004741
-544,10,1129004950
-540,10,1129004950
-570,10,1129004983
-526,10,1129004942
-335,10,1129004754
-339,10,1129004761
-317,10,1129004742
-441,10,1129004869
-1555394196,10,-1610568672
1129004359,10,69
-1555388628,10,-1610574240
-1555369300,10,-1610593568
1129004342,10,86
-1555394236,10,-1610568632
1129004423,10,5
320141888,10,808862540
1129004364,10,64
1129002891,10,1537
-1555351395,10,-1610611472
-1555351395,10,-1610611472
-1555394243,10,-1610568624
-1555394243,10,-1610568624
-1395949427,10,-1770013440
1128854620,10,149809
-1555394323,10,-1610568544
1129004424,10,5
286581565,10,842422864
-1312022387,10,-1853940480
1128854620,10,149809
-1555394363,10,-1610568504
1129004424,10,5
219541052,10,909463377
1129004424,10,5
1128854620,10,149809
-1555394403,10,-1610568464
1129004424,10,5
236448320,10,892556109
1129004424,10,5
1128854508,10,149921
-1555394443,10,-1610568424
1129004424,10,5
-266,10,1129004741
-263,10,1129004741
-469,10,1129004950
-467,10,1129004950
-496,10,1129004983
-451,10,1129004942
-259,10,1129004754
-263,10,1129004761
-241,10,1129004742
-364,10,1129004869
1129004168,10,337
1129004505,10,0
130023393,10,998981112
1129004500,10,5
320531075,10,808473430
-1980954887,10,-1185007904
130023353,10,998981152
1129004500,10,5
320141698,10,808862807
1129004504,10,1
130023313,10,998981192
1129004500,10,5
236188297,10,892816208
1129004504,10,1
130023273,10,998981232
1129004500,10,5
303690638,10,825313867
1129004504,10,1
130023233,10,998981272
1129004500,10,5
320136846,10,808867659
1129004504,10,1
130023193,10,998981312
1129004500,10,5
286979220,10,842025285
1129004504,10,1
-196,10,1129004741
-193,10,1129004741
-400,10,1129004950
-398,10,1129004950
-428,10,1129004983
-384,10,1129004942
-477,10,1129005038
-477,10,1129005041
-473,10,1129005039
-300,10,1129004869
1129004392,10,177
1129004569,10,0
130013457,10,998991112
1129004564,10,5
236382663,10,892621906
130093249,10,998911320
1129004496,10,73
130013417,10,998991152
1129004564,10,5
320006850,10,808997719
130153001,10,998851568
1129004484,10,85
130013377,10,998991192
1129004564,10,5
303624641,10,825379928
130152465,10,998852104
1129004467,10,102
130013337,10,998991232
1129004564,10,5
270004694,10,858999875
1129004393,10,176
1129004440,10,129
1129004569,10,0
130013281,10,998991288
1129004564,10,5
186055888,10,942948681
130013241,10,998991328
1129004564,10,5
303558343,10,825446226
-388,10,1129005041
-380,10,1129005039
-286,10,1129004950
-282,10,1129004950
-313,10,1129004983
-268,10,1129004942
-361,10,1129005038
-361,10,1129005041
-355,10,1129005039
-360,10,1129005047
1129004634,10,53
-1421136529,10,-1744826080
320531343,10,808473344
-1353985649,10,-1811976960
1129004314,10,373
1129004687,10,0
-1421187273,10,-1744775336
1129004682,10,5
269811010,10,859193677
-1421187297,10,-1744775312
1129004477,10,210
-1421187313,10,-1744775296
1129004682,10,5
269679925,10,859324762
-1421187337,10,-1744775272
1129004462,10,225
-1421187353,10,-1744775256
1129004682,10,5
202633290,10,926371397
-1421132673,10,-1744829936
1129004462,10,225
-1421187393,10,-1744775216
1129004682,10,5
303364673,10,825640014
1129004347,10,340
1129004462,10,225
-1421187432,10,-1744775176
1129004683,10,5
269942080,10,859062608
1129004348,10,340
-306,10,1129005041
-302,10,1129005039
-450,10,1129005191
-460,10,1129005203
-457,10,1129005203
-442,10,1129005191
-287,10,1129005038
-288,10,1129005041
-283,10,1129005039
-288,10,1129005047
1129004663,10,96
1129004726,10,33
1129004758,10,1
130247079,10,998757680
1129004678,10,81
1129004714,10,45
-807937676,10,1936942435
549785715,10,579219044
817287266,10,311717493
1121507683,10,7497076
1129004678,10,81
1129004714,10,45
-807937676,10,1936942435
549785715,10,579219044
817287266,10,311717493
1121507683,10,7497076
1129004726,10,33
1129004726,10,33
-199,10,1129005041
-193,10,1129005039
-342,10,1129005191
-351,10,1129005203
-347,10,1129005203
-330,10,1129005191
-174,10,1129005038
-175,10,1129005041
-542,10,1129005411
-175,10,1129005047
1129004087,10,785
130244216,10,998760656
130535224,10,998469648
-1890897288,10,-1275065136
-1756683656,10,-1409278768
-1756683752,10,-1409278672
-1756683752,10,-1409278672
-1890897976,10,-1275064448
-1890898072,10,-1275064352
-1890898072,10,-1275064352
-1756682520,10,-1409279904
-1756682616,10,-1409279808
-1756682616,10,-1409279808
-1756679288,10,-1409283136
-1756679384,10,-1409283040
-1756679384,10,-1409283040
-1756683432,10,-1409278992
-1756683528,10,-1409278896
-1756683528,10,-1409278896
-1756683544,10,-1409278880
-1756683640,10,-1409278784
-1756683640,10,-1409278784
-1756683880,10,-1409278544
-1756683976,10,-1409278448
-1756683976,10,-1409278448
-1756683768,10,-1409278656
-1756683864,10,-1409278560
-1756683864,10,-1409278560
-1756683992,10,-1409278432
-1756684088,10,-1409278336
-1756684088,10,-1409278336
-1756684104,10,-1409278320
-528,10,1129005442
-515,10,1129005433
-270,10,1129005191
-279,10,1129005203
-275,10,1129005203
-259,10,1129005191
-475,10,1129005411
-472,10,1129005411
-469,10,1129005411
-487,10,1129005431
1129004735,10,209
1129004800,10,144
130076216,10,998928728
1129004939,10,5
303559488,10,825445456
-1622470168,10,-1543492184
1129004452,10,492
130076176,10,998928768
1129004939,10,5
320207948,10,808796996
-1622470560,10,-1543491792
1129004591,10,353
130076136,10,998928808
1129004939,10,5
219538756,10,909466188
-1622467440,10,-1543494912
1129004206,10,738
130076096,10,998928848
1129004939,10,5
320205645,10,808799300
130076057,10,998928888
1129004940,10,5
286912567,10,842092378
1129003904,10,1041
130074897,10,998930048
130535297,10,998469648
1129004945,10,0
-840418159,10,1969423104
1128795537,10,209408
-411,10,1129005442
-398,10,1129005433
-153,10,1129005191
-162,10,1129005203
-158,10,1129005203
-142,10,1129005191
-358,10,1129005411
-355,10,1129005411
-351,10,1129005411
-368,10,1129005431
-1555355961,10,-1610606272
1129004998,10,65
-1555379561,10,-1610582672
-1555356873,10,-1610605360
1129004999,10,64
1129004643,10,420
1128856055,10,149008
-1555356049,10,-1610606184
1129005058,10,5
169539012,10,959466051
-1337199865,10,-1828762368
1128855251,10,149812
-1555356089,10,-1610606144
1129005058,10,5
269742511,10,859262552
-1312021753,10,-1853940480
1128855251,10,149812
-1555356129,10,-1610606104
1129005058,10,5
253097404,10,875907659
-1989344505,10,-1176617728
1128855251,10,149812
-1555356169,10,-1610606064
1129005058,10,5
169406897,10,959598166
-1989344505,10,-1176617728
1128855251,10,149812
-1555356209,10,-1610606024
1129005058,10,5
-341,10,1129005442
-328,10,1129005433
-466,10,1129005575
-446,10,1129005557
-464,10,1129005577
-458,10,1129005575
-291,10,1129005411
-288,10,1129005411
-516,10,1129005642
-585,10,1129005713
1129004787,10,341
1129004938,10,190
-1689576160,10,-1476386008
1129005123,10,5
169540344,10,959464784
1129004393,10,735
1129004938,10,190
-1689576200,10,-1476385968
1129005123,10,5
219871216,10,909133912
1129004393,10,735
1129004982,10,146
-1689576240,10,-1476385928
1129005123,10,5
252897022,10,876108106
1129004393,10,735
1129004239,10,889
-1689576280,10,-1476385888
1129005123,10,5
219739124,10,909266004
1129004393,10,735
1129004938,10,190
-1689576320,10,-1476385848
1129005123,10,5
219871216,10,909133912
1129004393,10,735
1129005055,10,73
-1689576360,10,-1476385808
1129005123,10,5
252897022,10,876108106
1129004393,10,735
